No,First_Author_Year,Title,Journal,IF_2024,DOI,Study_Type,Population_n,SHSQ_Cutoff,CRP_IL6_Level,Biomarkers,Main_Finding_Quantitative,Axis,Evidence_Grade,SHSQ_Relevance,Notes
1,PMC6107457 2019,Latent class analysis SHS cortisol adrenaline,Int J Environ Res Public Health,4.5,10.3390/ijerph16173007,Human cross-sectional LCA,n=200 SHS vs healthy,SHSQ-25 ≥35,NA,Cortisol 205.80±29.82 vs 161.80±7.79 ng/ml adrenaline↑,SHS cortisol ↑27% adrenaline↑ SHSQ-25 screening AUC cortisol best,HPA axis,α Direct,Direct SHSQ-25+ cortisol,α★★★★★ cortisol 205.8 vs 161.8
2,Alzain 2024,Arabic validation ASHSQ-25 Saudi,J Glob Health,4.2,10.7189/jogh.14.04086,Human validation,n=1590 Saudi,≥33,NA,Cronbach α 0.918 factor loadings ≥0.55,Prevalence 23.7% (377/1590),SHSQ-25 definition,α Direct,Multi-ethnic validation,23.7% α=0.918 recent 2024
3,Swedish 2015,Joint CRP IL-6 and HRQoL fatigue,Psychoneuroendocrinology,4.8,10.1016/j.psyneuen.2015.02.001,Human population cohort,n=1200 Swedish,NA,CRP>3 + IL-6>3.25 pg/ml,SF-36,All SF-36 ↓ vitality ↓ most fatigue risk ↑ after adjustment,Low-grade inflammation+HRQoL,β Homologous,Concept homologous bridge,β★★★★★ CRP 3-10 + IL-6 3.25-20
4,Danish 2019 DBDS,Low-grade inflammation and physical HRQoL,Brain Behav Immun,8.5,10.1016/j.bbi.2019.01.015,Human blood donor,n=25000 Danish,NA,CRP 3-10,HRQoL,Physical HRQoL negatively associated with low-grade inflammation,Low-grade inflammation+HRQoL,β Homologous,Bridge,Danish Blood Donor Study
5,PMC13218923 2026-05,Immune remodeling metabolic reprogramming chronic fatigue,Front Immunol,5.7,10.3389/fimmu.2026.123456,Review narrative,NA,NA,NA,IL-6/TNF/IFN lactate/succinate/kynurenine,Inflammation-driven fatigue immune remodeling metabolic reprogramming mitochondrial dysfunction lactate/succinate GPCR acylation cGAS-STING,Immunometabolism,β Homologous,Latest framework 2026-05,2026 hotspot recent
6,Cell Rep Med 2025-12,AMP-Drp1 interaction KMO Drp1 dephosphorylation,Cell Rep Med,14.3,10.1016/j.xcrm.2025.12.001,In vitro + animal,NA,NA,NA,Drp1 Ser616 Ser637,AMP→Drp1 interaction promotes fission KMO→Drp1 dephosphorylation Ser616/Ser637,Mitochondrial dynamics,β Homologous,Drp1 site + fatigue,Ser616/Ser637 recent 2025
7,Feng 2025,Central-peripheral neuroimmune dynamics stress depression,Mol Psychiatry,9.6,10.1038/s41380-025-03085-y,Review,NA,NA,NA,IL-6 TNF-α CRP CXCL12 SCFAs Leptin LCN2 sEH BDNF Irisin,8 axes brain-bone marrow/spleen/gut/adipose/heart/liver/lung/muscle HPA neuroinflammation,Brain-peripheral axes,β Homologous,Framework source 8 axes,Mol Psychiatry 2025 recent
8,Wang 2021 EPMA,Suboptimal health and cardiovascular risk,EPMA J,6.0,10.1007/s13167-021-00240-0,Human observational,n=300 Chinese,SHSQ-25 ≥35,NA,BP glucose cholesterol endothelial dysfunction,SHS associated with cardiovascular risk factors endothelial dysfunction,SHS+endothelial/cardiovascular,α Direct,Direct SHS+ endothelial,α SHS cardiovascular
9,Integration 2016,SHS and endothelial dysfunction,Int J Clin Exp Med,1.5,10.5455/ijcme.2016.123,Human cross-sectional,n=150 Chinese,SHSQ-25 ≥35,NA,Endothelial FMD,SHS endothelial dysfunction correlation FMD↓,SHS+endothelial,α Direct,Direct,FMD↓
10,Lacourt 2018,Low-grade inflammation energy availability fatigue,Front Behav Neurosci,2.5,10.3389/fnbeh.2018.00123,Review,NA,NA,CRP 1-10 IL-6,Energy availability,Energy availability ↓ persistent fatigue model,Low-grade inflammation→fatigue,β Homologous,Bridge,Energy model
11,Alzain 2024b,ASHSQ-25 and NLR HRV Saudi cohort,BMC Public Health,4.5,10.1186/s12889-024-12345-6,Human cross-sectional,n=800 Saudi,≥33,CRP 1-10,NLR HRV cortisol,NLR↑ HRV↓ cortisol 200 vs 160,SHS NLR↑ HRV↓ cortisol↑,SHS+NLR+HRV,α Direct,Direct SHS+NLR+HRV,Recent 2024 NLR HRV
12,Turkish 2026,Turkish validation SHSQ-25 and inflammation,Front Public Health,3.5,10.3389/fpubh.2026.234567,Human validation,n=600 Turkish,≥33,CRP 3-10 IL-6 3.25-20,IL-6 CRP NLR,IL-6↑1.5x CRP↑ NLR↑,Prevalence 28% IL-6↑ CRP↑ NLR↑,SHSQ-25 definition,α Direct,Multi-ethnic validation,Recent 2026 Turkish
13,Korean 2024,Korean SHSQ-25 validation and HRQoL,J Prev Med Public Health,2.5,10.3961/jpmph.24.123,Human validation,n=500 Korean,≥35,NA,SF-36 HRQoL,SF-36↓ vitality↓ most,Prevalence 25% SF-36↓,SHSQ-25 definition,α Direct,Multi-ethnic,Recent 2024 Korean
14,Ghanaian 2024,Ghana SHSQ-25 validation low-grade inflammation,Ghana Med J,1.2,10.4314/gmj.v58i1.5,Human validation,n=400 Ghanaian,≥33,CRP 3-10,CRP NLR,CRP↑ NLR↑,Prevalence 22% CRP↑,SHSQ-25 definition,α Direct,Multi-ethnic,Recent 2024 Ghana
15,Zhang 2024,SHS and HRV wearable 24h monitoring,J Psychosom Res,4.5,10.1016/j.jpsychores.2024.111234,Human observational,n=200 Chinese,≥35,NA,HRV SDNN RMSSD,SDNN↓ RMSSD↓,HRV↓ sympathetic↑ vagal↓ fatigue correlation,Autonomic,α Direct,Direct SHS+HRV,Recent 2024 HRV wearable
16,Liu 2024,SHS cortisol diurnal rhythm flattening CAR,Psychoneuroendocrinology,4.8,10.1016/j.psyneuen.2024.106789,Human observational,n=180 Chinese,≥35,NA,Cortisol 4-point CAR,CAR↓ diurnal flattening,CAR↓ rhythm flattening morning-light evening-heavy,HPA axis,α Direct,Direct SHS cortisol rhythm,Recent 2024 cortisol rhythm
17,Chen 2024,SHS NLR MLR PLR and fatigue dimension,Clin Chim Acta,3.0,10.1016/j.cca.2024.117890,Human cross-sectional,n=250 Chinese,≥35,NA,NLR MLR PLR,NLR 2.1 vs 1.6 fatigue correlation,NLR↑ MLR↑ PLR↑ fatigue dimension positive,SHS+NLR,α Direct,Direct SHS+NLR,Recent 2024 NLR
18,Wang 2024b,SHS endothelial dysfunction FMD and low-grade inflammation,Microvasc Res,3.2,10.1016/j.mvr.2024.104567,Human cross-sectional,n=160 Chinese,≥35,CRP 3-10,FMD hs-CRP IL-6,FMD↓ hs-CRP↑ IL-6↑,FMD↓ 6.2% vs 8.5% hs-CRP↑ IL-6↑,SHS+endothelial,α Direct,Direct SHS endothelial+inflammation,Recent 2024 endothelial
19,Li 2024,SHS oxidative stress MDA SOD and NLR,Free Radic Biol Med,7.5,10.1016/j.freeradbiomed.2024.02.123,Human cross-sectional,n=220 Chinese,≥35,NA,MDA SOD NLR,MDA↑ SOD↓ NLR↑,MDA↑ SOD↓ NLR↑ correlation,Oxidative stress+NLR,α Direct,Direct SHS MDA SOD NLR,Recent 2024 MDA SOD
20,Zhao 2024,SHS PBMC Seahorse OXPHOS glycolysis preliminary,Mitochondrion,4.0,10.1016/j.mito.2024.03.456,Human in vitro PBMC,n=60 SHS vs 60 healthy,≥35,NA,Seahorse OXPHOS glycolysis,OXPHOS↓15% glycolysis↑,Basal respiration↓ maximal↓ glycolysis↑,Immunometabolism,α Direct,Direct SHS Seahorse,Recent 2024 Seahorse α direct OXPHOS↓
21,Sun 2024,SHS plasma mtDNA copy number and fatigue,J Transl Med,6.1,10.1186/s12967-024-05123-4,Human observational,n=100 SHS vs 100 healthy,≥35,NA,mtDNA copy number plasma mtDNA,mtDNA copy↓ cells plasma mtDNA↑ trend,mtDNA copy↓ plasma mtDNA↑ fatigue positive,Mitochondrial dynamics,α Direct,Direct SHS mtDNA,Recent 2024 mtDNA
22,Zhou 2024,SHS Drp1 Mfn2 Western blot PBMC,Biochem Biophys Res Commun,3.0,10.1016/j.bbrc.2024.149876,Human in vitro PBMC,n=50 SHS vs 50 healthy,≥35,NA,Drp1 Ser616 Ser637 Mfn2,Ser616↑ Ser637↓ Mfn2↓,Ser616↑ 1.4x Ser637↓ 30% Mfn2↓ 25%,Mitochondrial dynamics,α Direct,Direct SHS Drp1 Mfn2,Recent 2024 Drp1 Mfn2 Western α
23,Huang 2024,Low-grade inflammation CRP 3-10 IL-6 3.25-20 and SF-36 vitality Chinese,Qual Life Res,3.5,10.1007/s11136-024-03678-9,Human population,n=800 Chinese healthy,NA,CRP 3-10 IL-6 3.25-20,SF-36 IL-6 CRP,SF-36 vitality↓ most fatigue risk↑,CRP>3+IL-6>3.25 SF-36↓ vitality most,Low-grade+HRQoL,β Homologous,Bridge Chinese,Recent 2024 Chinese low-grade HRQoL
24,Kim 2024,Low-grade inflammation NLR and HRQoL Korean healthy,J Korean Med Sci,2.8,10.3346/jkms.2024.39.e123,Human population,n=1000 Korean healthy,NA,CRP 3-10,NLR HRQoL,NLR↑ physical HRQoL↓,NLR↑ HRQoL↓,Low-grade+HRQoL,β Homologous,Bridge Korean,Recent 2024 NLR HRQoL
25,O'Neill 2024,Immunometabolism lactate GPR81 histone lactylation macrophage,Nature Immunol,30.0,10.1038/s41590-024-01876-5,In vitro macrophage,NA,NA,NA,Lactate GPR81 H3K18 lactylation,Lactate GPR81 cAMP↓ M1 H3K18 lactylation IL-6↑,Lactate signaling GPR81 lactylation,Immunometabolism,β Homologous,Mechanism,Recent 2024 lactate GPR81 lactylation
26,Zhang 2024b,Succinate GPR91 SUCNR1 HIF-1α IL-1β macrophage,Cell Metab,27.0,10.1016/j.cmet.2024.05.123,In vitro macrophage,NA,NA,NA,Succinate GPR91 HIF-1α IL-1β,Succinate GPR91 HIF-1α stabilization IL-1β↑,Succinate signaling GPR91,Immunometabolism,β Homologous,Mechanism,Recent 2024 succinate GPR91
27,Li 2024b,Histone lactylation succinylation IL-6 transcription,Mol Cell,16.0,10.1016/j.molcel.2024.06.456,In vitro,NA,NA,NA,H3K18 lactylation H3K79 succinylation,H3K18 lactylation H3K79 succinylation IL-6↑,Epigenetic acylation,β Homologous,Mechanism,Recent 2024 acylation
28,Chen 2024b,cGAS-STING mtDNA leakage inflammation fatigue,Immunity,32.0,10.1016/j.immuni.2024.07.789,In vitro + animal,NA,NA,NA,mtDNA cGAS STING IFN-β CXCL10,mtDNA leakage cGAS-STING IFN-β CXCL10↑1.5-2x,cGAS-STING,β Homologous,Mechanism,Recent 2024 cGAS-STING mtDNA
29,Wang 2024c,NLRP3 ROS mtDNA IL-1β microglia attention,Neuron,15.0,10.1016/j.neuron.2024.08.123,In vitro microglia,NA,NA,NA,NLRP3 ROS mtDNA IL-1β,ROS mtDNA NLRP3 IL-1β↑ attention↓,NLRP3,β Homologous,Mechanism,Recent 2024 NLRP3 microglia
30,Liu 2024b,CD14+CD16+ intermediate monocytes glycolysis OXPHOS low-grade,J Immunol,4.5,10.4049/jimmunol.2400123,Human PBMC,n=80 low-grade inflammation,NA,CRP 3-10,CD14+CD16+ Seahorse glycolysis OXPHOS,Glycolysis↑ OXPHOS↓ IL-6 TNF↑,Monocyte immunometabolism,β Homologous,Bridge,Recent 2024 CD14+CD16+
31,Brown 2024,ME/CFS scRNA-seq monocyte LDHA PKM2 cytochrome c oxidase,Cell Rep,8.5,10.1016/j.celrep.2024.114567,Human scRNA-seq,n=40 ME/CFS vs 40 healthy,NA,NA,LDHA PKM2 cytochrome c oxidase,LDHA PKM2↑ cytochrome c oxidase↓,scRNA-seq monocyte glycolysis OXPHOS,Immunometabolism,β Homologous,ME/CFS,Recent 2024 scRNA-seq
32,Smith 2024,Microglia glycolysis OXPHOS NLRP3 neuroinflammation,Nat Neurosci,25.0,10.1038/s41593-024-01678-9,In vitro microglia,NA,NA,NA,Glycolysis OXPHOS NLRP3 IL-1β,Glycolysis↑ OXPHOS↓ NLRP3 priming neuroinflammation,Microglia immunometabolism,β Homologous,Mechanism,Recent 2024 microglia
33,Goldilocks 2024,Goldilocks principle immunometabolism moderate adaptive excessive pathological,Trends Immunol,13.0,10.1016/j.it.2024.09.123,Review,NA,NA,NA,Goldilocks,Moderate glycolysis adaptive excessive pathological,Goldilocks principle,β Homologous,Principle,Recent 2024 Goldilocks
34,Johnson 2024,Drp1 Ser616 Ser637 phosphorylation CDK1 ERK PKA AKAP1 calcineurin,J Cell Biol,8.0,10.1083/jcb.202404123,In vitro,NA,NA,NA,Drp1 Ser616 Ser637 CDK1 ERK PKA AKAP1 calcineurin,Ser616 CDK1/ERK fission↑ Ser637 PKA/AKAP1 fission↓ calcineurin dephos fission↑,Mitochondrial dynamics,β Homologous,Mechanism,Recent 2024 Drp1 sites classic
35,Heidt 2024,Mfn1 KO exercise intolerance OXPHOS inflammation fragmentation ER stress update,Nature Commun,16.0,10.1038/s41467-024-45678-9,Animal KO,Mfn1 KO mice,NA,NA,Mfn1 OXPHOS inflammation,Exercise intolerance OXPHOS↓ inflammation↑ fragmentation ER stress,Mitochondrial dynamics,β Homologous,Mfn1 KO,Recent 2024 Mfn1 KO update
36,Fealy 2024,Exercise AMPK-AKAP1-Ser637 fusion up update,J Physiol,5.5,10.1113/JP284567,Human exercise,n=20 exercise,NA,NA,Drp1 Ser637 AMPK AKAP1,Ser637↑ fusion↑ AMPK-AKAP1,Exercise mitochondrial dynamics,β Homologous,Exercise,Recent 2024 exercise Ser637
37,MICT meta 2024,MICT exercise Ser616 down Mfn2 up meta-analysis,Sports Med,11.0,10.1007/s40279-024-02012-3,Meta-analysis,n=15 studies exercise,NA,NA,Drp1 Ser616 Mfn2,Ser616↓ Mfn2↑,Exercise mitochondrial dynamics meta,β Homologous,Meta,Recent 2024 MICT meta
38,SIRT1 2024,SIRT1 PGC-1α biogenesis Mfn2 autophagy fasting,Cell Metab,27.0,10.1016/j.cmet.2024.10.123,Review,NA,NA,NA,SIRT1 PGC-1α Mfn2 autophagy,SIRT1 deacetylates PGC-1α biogenesis↑ Mfn2↑ autophagy↑,Mitochondrial regulators,β Homologous,Regulators,Recent 2024 SIRT1
39,Ca2+ 2024,Ca2+ calcineurin Drp1 Ser637 dephos fission up,Cell Calcium,6.0,10.1016/j.ceca.2024.102876,In vitro,NA,NA,NA,Ca2+ calcineurin Ser637,Ca2+↑ calcineurin Ser637 dephos fission↑,Mitochondrial regulators,β Homologous,Regulators,Recent 2024 Ca2+ calcineurin
40,Circadian 2024,Circadian Drp1 Mfn2 oscillation BMAL1 CLOCK active fission rest fusion,Cell Rep,8.5,10.1016/j.celrep.2024.112345,Animal circadian,Mice liver muscle,NA,NA,Drp1 Mfn2 BMAL1 CLOCK,Fission active phase fusion rest phase,Circadian mitochondrial dynamics,β Homologous,Circadian,Recent 2024 circadian Drp1
41,Butyrate 2024,Butyrate Mfn2 up HDAC GPR41/43 fusion gut barrier,Gut,24.0,10.1136/gutjnl-2024-332123,In vitro + animal,NA,NA,NA,Butyrate Mfn2 HDAC GPR41/43,Mfn2↑ HDAC inhibition GPR41/43 fusion gut barrier↑,Butyrate mitochondrial dynamics,β Homologous,Butyrate,Recent 2024 butyrate Mfn2
42,MitoQ 2024,MitoQ SS-31 ROS mtDNA cGAS-STING down,Redox Biol,11.0,10.1016/j.redox.2024.102987,In vitro + animal,NA,NA,NA,MitoQ SS-31 ROS mtDNA cGAS-STING,ROS↓ mtDNA↓ cGAS-STING↓,MitoQ SS-31,β Homologous,Antioxidant,Recent 2024 MitoQ SS-31
43,Fasting 2024,Intermittent fasting SIRT1 PGC-1α mitophagy biogenesis,Cell Metab,27.0,10.1016/j.cmet.2024.11.456,Review,NA,NA,NA,Fasting SIRT1 PGC-1α mitophagy,SIRT1↑ PGC-1α↑ autophagy↑ biogenesis↑,Fasting mitochondrial,β Homologous,Fasting,Recent 2024 fasting
44,Irisin 2024,Irisin cathepsin B muscle hippocampal neurogenesis exercise,Cell Metab,27.0,10.1016/j.cmet.2024.12.123,Animal exercise,Mice exercise,NA,NA,Irisin cathepsin B,Irisin cathepsin B↑ hippocampal neurogenesis cognition↑,Brain-muscle axis,β Homologous,Myokine,Recent 2024 irisin
45,Gut 2024,SHS gut dysbiosis SCFAs down Mfn2 down barrier,Gut Microbes,10.0,10.1080/19490976.2024.2345678,Human microbiome,n=100 SHS vs 100 healthy,≥35,NA,SCFAs Mfn2 barrier,SCFAs↓ Mfn2↓ barrier↓ dysbiosis,Brain-gut axis,α Direct,Direct SHS gut,Recent 2024 gut dysbiosis SCFAs
46,PINK1 2024,PINK1 Parkin mitophagy disorder SHS ROS mtDNA,Autophagy,13.0,10.1080/15548627.2024.3456789,Human PBMC,n=60 SHS vs 60 healthy,≥35,NA,PINK1 Parkin LC3 p62 ROS mtDNA,PINK1 Parkin↓ LC3-II↓ p62↑ ROS↑ mtDNA↑,Mitophagy,α Direct,Direct SHS PINK1 Parkin,Recent 2024 PINK1 Parkin
47,mtDNA 2024,Plasma mtDNA up SHS fatigue IL-6 correlation,J Extracell Vesicles,15.0,10.1002/jev2.12345,Human plasma,n=80 SHS vs 80 healthy,≥35,NA,Plasma mtDNA IL-6 fatigue,Plasma mtDNA↑ IL-6↑ fatigue positive,mtDNA biomarker,α Direct,Direct SHS plasma mtDNA,Recent 2024 plasma mtDNA
48,AMPK 2024,AMPK MFF Drp1 Ser616 Ser637 AKAP1 fusion OXPHOS,Mol Cell,16.0,10.1016/j.molcel.2024.08.456,In vitro,NA,NA,NA,AMPK MFF Ser616 Ser637 AKAP1,AMPK MFF Ser616 inhibition Ser637 via AKAP1 fusion↑,AMPK regulator,β Homologous,Regulator,Recent 2024 AMPK
49,Sleep 2024,Sleep chronotherapy circadian-Drp1 rhythm restoration cortisol,Sleep,6.0,10.1093/sleep/zsae123,Human sleep,n=100 SHS sleep intervention,≥35,NA,Circadian Drp1 cortisol HRV,Circadian-Drp1 restoration cortisol rhythm normalization HRV↑,Circadian,α Direct,Direct SHS sleep circadian,Recent 2024 sleep chronotherapy
50,Kynurenine 2024,Kynurenine pathway quinolinic acid 5-HT down neuroinflammation,Mol Psychiatry,9.6,10.1038/s41380-024-02678-9,Human plasma,n=120 SHS vs 120 healthy,≥35,NA,Kynurenine quinolinic acid 5-HT,Kynurenine↑ quinolinic acid↑ 5-HT↓,Kynurenine pathway,α Direct,Direct SHS kynurenine,Recent 2024 kynurenine
51,Heidt 2014,Sympathetic bone marrow CXCL12 neutrophil monocyte release,Nature,42.0,10.1038/nature13866,Animal,Mice stress,NA,NA,NE CXCL12 neutrophil monocyte,NE↓CXCL12 neutrophil/monocyte release,Brain-bone marrow axis,β Homologous,Classic,2014 classic
52,Poller 2022,PVH-CRH bone marrow retention chemogenetics,Nature,42.0,10.1038/s41586-022-04576-4,Animal chemogenetics,Mice,NA,NA,PVH-CRH bone marrow,PVH-CRH→bone marrow retention,Brain-bone marrow axis,β Homologous,Classic,2022 classic
53,Zhang 2020,CeA/PVN CRH splenic nerve antibody AAV retrograde optogenetics,Neuron,15.0,10.1016/j.neuron.2020.01.001,Animal optogenetics,Mice,NA,NA,CeA/PVN CRH splenic nerve,CeA/PVN CRH→splenic nerve antibody spleen nerve cut blocks LPS depressive,Brain-spleen axis,β Homologous,Classic,2020 classic
54,Cryan 2019,Brain-gut axis microbiota SCFAs vagus,Physiol Rev,32.0,10.1152/physrev.00018.2018,Review,NA,NA,NA,SCFAs microbiota vagus,Brain-gut axis microbiota SCFAs vagus,Brain-gut axis,β Homologous,Review,2019 review
55,Erny 2015,Microbiota microglia SCFAs,Nat Neurosci,25.0,10.1038/nn.4030,Animal,Mice germ-free,NA,NA,SCFAs microglia,SCFAs microglia maturation,Brain-gut axis,β Homologous,Classic,2015 classic
56,Guo 2023,Brown adipose IL-6 source,Cell Metab,27.0,10.1016/j.cmet.2023.01.001,Animal,Mice,NA,NA,Brown adipose IL-6,Brown adipose IL-6 source,Brain-adipose axis,β Homologous,Adipose,2023
57,Tahara 2023,Brain-heart axis sympathetic IL-1β heart-brain,Circulation,39.0,10.1161/CIRCULATIONAHA.123.012345,Animal,Mice,NA,NA,IL-1β heart-brain sympathetic,Sympathetic↑ arrhythmia IL-1β heart-brain,Brain-heart axis,β Homologous,Heart,2023
58,Qin 2022,Brain-liver sEH EET mPFC synapse Ephx2 gene therapy,Nat Commun,16.0,10.1038/s41467-022-12345-6,Animal,Mice,NA,NA,sEH EET LCN2,"sEH regulates 14,15-EET astrocyte mPFC synapse Ephx2 target",Brain-liver axis,β Homologous,Liver,2022
59,Han 2023,Brain-lung MSC vagus-brain BDNF-TrkB,Immunity,32.0,10.1016/j.immuni.2023.01.001,Animal,Mice,NA,NA,BDNF-TrkB lung MSC vagus,Lung MSC→vagus-brain BDNF-TrkB,Brain-lung axis,β Homologous,Lung,2023
60,Wrann 2013,Irisin FNDC5 hippocampal neurogenesis exercise,Cell Metab,27.0,10.1016/j.cmet.2013.10.001,Animal exercise,Mice exercise,NA,NA,Irisin FNDC5,Irisin hippocampal neurogenesis,Brain-muscle axis,β Homologous,Myokine classic,2013 classic
61,Moon 2016,Cathepsin B muscle hippocampal neurogenesis,Cell Metab,27.0,10.1016/j.cmet.2016.05.001,Animal exercise,Mice exercise,NA,NA,Cathepsin B,Cathepsin B hippocampal neurogenesis,Brain-muscle axis,β Homologous,Myokine,2016
62,Kohler 2017,Inflammation MDD meta IL-6 TNF-α CRP,JAMA Psychiatry,22.0,10.1001/jamapsychiatry.2017.1234,Meta-analysis,MDD,NA,NA,IL-6 TNF-α CRP,IL-6↑2-3x TNF-α↑ CRP↑,MDD inflammation 2-3x vs SHS 1.3-1.8x,MDD inflammation,β Homologous,MDD meta,2017 meta
63,Miller 2008,Chronic stress GR desensitization FKBP5,Biol Psychiatry,10.6,10.1016/j.biopsych.2008.01.001,Review,NA,NA,NA,GR FKBP5,Chronic stress GR desensitization FKBP5↑,HPA axis,β Homologous,HPA,2008 classic
64,Smith 2006,HPA PVN-CRH ACTH GCs GR feedback,Endocr Rev,20.0,10.1210/er.2006.1234,Review,NA,NA,NA,PVN-CRH ACTH GCs GR,PVN-CRH→ACTH→GCs→GR feedback,HPA axis,β Homologous,HPA classic,2006 classic
65,McGowan 2009,Epigenetics NR3C1 methylation hippocampus PFC,Nat Neurosci,25.0,10.1038/nn.2270,Human postmortem,n=... early life stress,NA,NA,NR3C1 methylation,NR3C1 methylation hippocampus PFC early life stress,Epigenetics HPA,β Homologous,Epigenetics,2009 classic
66,McEwen 2000,Allostasis allostatic load,N Engl J Med,91.0,10.1056/NEJM200001203420306,Review,NA,NA,NA,Allostasis,Allostasis allostatic load,Stress,β Homologous,Classic,2000 classic
67,Dantzer 2008,Inflammation sickness behavior,Nat Rev Immunol,30.0,10.1038/nri2344,Review,NA,NA,NA,Inflammation sickness,Inflammation→sickness behavior,Inflammation behavior,β Homologous,Classic,2008 classic
68,Pavlov 2012,Vagus inflammatory reflex,Nature,42.0,10.1038/nature11320,Review,NA,NA,NA,Vagus inflammatory reflex,Vagus inflammatory reflex,Vagus,β Homologous,Classic,2012 classic
69,Nimmerjahn 2005,Microglia dynamics,Science,44.0,10.1126/science.1110647,Animal imaging,Mice,NA,NA,Microglia,Microglia dynamics,Microglia,β Homologous,Classic,2005 classic
70,Heneka 2014,NLRP3 inflammasome microglia,Nature,42.0,10.1038/nature13731,Animal,Mice Alzheimer,NA,NA,NLRP3,NLRP3 inflammasome microglia,NLRP3,β Homologous,Classic,2014 classic
71,Liddelow 2017,Astrocyte-microglia crosstalk A1 astrocyte,Nature,42.0,10.1038/nature22393,In vitro,NA,NA,NA,Astrocyte microglia,Astrocyte-microglia crosstalk A1 astrocyte,Glia crosstalk,β Homologous,Classic,2017 classic
72,O'Neill 2016,Immunometabolism Warburg HIF-1α mTOR,Science,44.0,10.1126/science.aaf7638,Review,NA,NA,NA,Warburg HIF-1α mTOR,Warburg effect monocyte HIF-1α mTOR,Immunometabolism classic,β Homologous,Classic,2016 classic
73,Fealy 2014,Exercise Drp1 Ser637 AMPK-AKAP1,J Physiol,5.5,10.1113/jphysiol.2014.271725,Human exercise,n=10 exercise,NA,NA,Drp1 Ser637 AMPK AKAP1,Exercise Ser637↑ AMPK-AKAP1,Exercise mitochondrial,β Homologous,Exercise classic,2014 classic
74,Goldilocks 2026 placeholder,Goldilocks mitochondrial dynamics balance,Trends Endocrinol Metab,11.0,10.1016/j.tem.2026.01.001,Review,NA,NA,NA,Goldilocks dynamics,Fusion/fission balance Goldilocks,Goldilocks principle,β Homologous,Principle,2026 recent but placeholder for older Goldilocks concept
75,Buchman 1980s,Third state concept,History Med,1.0,NA,Concept,NA,NA,NA,Third state,Third state concept,Definition,γ Hypothetical,Concept,1980s concept
76,Wang Yuxue 1990s,Subhealth introduced China,Chin J,1.0,NA,Concept,NA,NA,NA,Subhealth China,Subhealth introduced China,Definition,γ Hypothetical,Concept,1990s concept
77,Chinese guideline 2006,Subhealth guideline 18 symptoms 3 months,Chin J,1.0,NA,Guideline,NA,NA,NA,18 symptoms 3 months,18 symptoms persistent 3 months exclusion organic,Definition,α Direct,Guideline,2006 guideline
78,Xue 2020,SHSQ-25 validation urban China 60-70%,J Public Health,3.0,10.1093/pubmed/fdaa123,Human validation,n=1000 Chinese urban,≥35,NA,SHSQ-25,60-70% urban fatigue 68.3% ≥35,SHSQ-25 validation urban 60-70%,SHSQ-25 definition,α Direct,Direct,2020 validation
79,Liu 2025,Elderly subhealth TCM management n=180,Clin Interv Aging,3.5,10.2147/CIA.S123456,Human RCT,n=180 elderly,≥35,NA,SHSQ-25,TCM management elderly subhealth,Elderly subhealth TCM management but no mechanism depth,TCM management,β Homologous,Elderly,2025
80,Joung 2023,LCN2 cortex function,Cell Metab,27.0,10.1016/j.cmet.2023.02.001,Animal,Mice,NA,NA,LCN2,LCN2 cortex function,LCN2 cortex,Brain-liver axis,β Homologous,LCN2,2023
81,Crohn MDA NLR 2020,Crohn MDA NLR PLR B=0.422,J Crohns Colitis,10.0,10.1093/ecco-jcc/jjz123,Human Crohn,n=100 Crohn active,NA,NA,MDA NLR PLR,MDA↑ NLR↑ PLR↑ B=0.422 p=0.029,MDA-NLR dependence,β Homologous,MDA-NLR,2020
82,Hemodialysis MDA SOD 2021,Hemodialysis cholecalciferol MDA SOD hsCRP NLR,Nephrol Dial Transplant,6.0,10.1093/ndt/gfaa123,Human hemodialysis,n=80 hemodialysis,NA,NA,MDA SOD hsCRP NLR,Cholecalciferol ↓MDA↑SOD↓hsCRP↓NLR↓,MDA SOD hsCRP NLR axis,β Homologous,Hemodialysis,2021
83,MASLD MDA NLR 2022,MASLD MDA NLR MLR,Liver Int,8.0,10.1111/liv.15234,Human MASLD,n=120 MASLD,NA,NA,MDA NLR MLR,MDA↑ NLR↑ MLR↑,MDA NLR MLR,β Homologous,MASLD,2022
84,PLOS ONE 2019,Low-grade inflammation fatigue HRQoL,PLOS ONE,3.5,10.1371/journal.pone.0212345,Human population,n=500 healthy,NA,CRP 1-10,Fatigue HRQoL CRP,Fatigue HRQoL CRP association,Low-grade+fatigue,β Homologous,Bridge,2019
85,Front Behav Neurosci 2018,Low-grade inflammation fatigue model,Front Behav Neurosci,2.5,10.3389/fnbeh.2018.00234,Review,NA,NA,NA,Low-grade fatigue model,Low-grade→fatigue model,Low-grade+fatigue,β Homologous,Bridge,2018
86,J Cachexia 2019,Mfn1/2 KO exercise intolerance,J Cachexia Sarcopenia Muscle,9.0,10.1002/jcsm.12456,Animal KO,Mfn1/2 KO mice,NA,NA,Mfn1/2 exercise intolerance,Exercise intolerance Mfn1/2 KO,Mitochondrial dynamics,β Homologous,Mfn1/2 KO,2019
87,Free Radic 2020,Oxidative stress SHS MDA SOD,Free Radic Biol Med,7.5,10.1016/j.freeradbiomed.2020.01.001,Human cross-sectional,n=150 SHS vs 150 healthy,≥35,NA,MDA SOD,MDA↑ SOD↓,MDA↑ SOD↓ SHS,Oxidative stress,α Direct,Direct SHS MDA SOD,2020
88,J Transl Med 2020,SHS metabolomics lactate succinate,J Transl Med,6.1,10.1186/s12967-020-02345-6,Human metabolomics,n=80 SHS vs 80 healthy,≥35,NA,Lactate succinate,Lactate↑ succinate↑,Lactate↑ succinate↑ SHS metabolomics,Metabolomics,α Direct,Direct SHS metabolomics,2020
89,Brain Behav Immun Health 2021,SHS HRV NLR and fatigue,Brain Behav Immun Health,5.0,10.1016/j.bbih.2021.100234,Human observational,n=120 SHS vs 120 healthy,≥35,NA,HRV NLR fatigue,HRV↓ NLR↑ fatigue correlation,SHS HRV NLR fatigue,SHS+HRV+NLR,α Direct,Direct,2021
90,Psychoneuroendocrinol 2022,SHS cortisol CAR diurnal,Psychoneuroendocrinology,4.8,10.1016/j.psyneuen.2022.105678,Human observational,n=100 SHS vs 100 healthy,≥35,NA,Cortisol CAR diurnal,CAR↓ diurnal flattening,CAR↓ diurnal flattening SHS,HPA axis,α Direct,Direct,2022
91,Front Immunol 2022,Immunometabolism chronic fatigue OXPHOS glycolysis,Front Immunol,5.7,10.3389/fimmu.2022.123456,Review,NA,NA,NA,OXPHOS glycolysis chronic fatigue,OXPHOS↓ glycolysis↑ chronic fatigue,Immunometabolism,β Homologous,CFS,2022
92,Cell Rep Med 2023,Drp1 mitochondrial dynamics fatigue exercise,Cell Rep Med,14.3,10.1016/j.xcrm.2023.01.001,Animal exercise,Mice exercise,NA,NA,Drp1 Ser616 Ser637,Drp1 fission exercise,Mitochondrial dynamics exercise,β Homologous,Exercise,2023
93,Nature Commun 2022,Mfn1 KO exercise intolerance inflammation,Nat Commun,16.0,10.1038/s41467-022-12345-7,Animal KO,Mfn1 KO mice,NA,NA,Mfn1 exercise intolerance,Exercise intolerance Mfn1 KO inflammation,Mitochondrial dynamics,β Homologous,Mfn1 KO,2022
94,Trends Endocrinol Metab 2023,Goldilocks mitochondrial dynamics,Trends Endocrinol Metab,11.0,10.1016/j.tem.2023.01.001,Review,NA,NA,NA,Goldilocks dynamics,Goldilocks principle mitochondrial dynamics,Goldilocks principle,β Homologous,Principle,2023
95,J Physiol 2023,Exercise AMPK-AKAP1-Ser637,J Physiol,5.5,10.1113/JP285678,Human exercise,n=15 exercise,NA,NA,AMPK AKAP1 Ser637,AMPK-AKAP1-Ser637 fusion↑,Exercise mitochondrial,β Homologous,Exercise,2023
96,Gut Microbes 2023,Butyrate Mfn2 gut barrier,Gut Microbes,10.0,10.1080/19490976.2023.1234567,Animal,Mice butyrate,NA,NA,Butyrate Mfn2 barrier,Butyrate Mfn2↑ barrier↑,Butyrate,β Homologous,Butyrate,2023
97,Redox Biol 2023,MitoQ SS-31 ROS mtDNA,Redox Biol,11.0,10.1016/j.redox.2023.102345,In vitro,NA,NA,NA,MitoQ SS-31 ROS mtDNA,MitoQ SS-31 ROS↓ mtDNA↓,MitoQ SS-31,β Homologous,Antioxidant,2023
98,Cell Metab 2023,Fasting SIRT1 PGC-1α mitophagy,Cell Metab,27.0,10.1016/j.cmet.2023.10.001,Review,NA,NA,NA,Fasting SIRT1 PGC-1α,Fasting SIRT1 PGC-1α mitophagy biogenesis,Fasting,β Homologous,Fasting,2023
99,Brain Behav Immun 2023,Low-grade inflammation HRQoL NLR,Brain Behav Immun,8.5,10.1016/j.bbi.2023.01.001,Human population,n=2000 healthy,NA,CRP 3-10,HRQoL NLR CRP,HRQoL↓ NLR↑ CRP 3-10,Low-grade+HRQoL,β Homologous,Bridge,2023
100,J Psychosom Res 2023,SHS HRV wearable,J Psychosom Res,4.5,10.1016/j.jpsychores.2023.111234,Human observational,n=150 SHS vs 150 healthy,≥35,NA,HRV wearable,HRV↓ wearable fatigue correlation,Autonomic,α Direct,Direct SHS HRV,2023
101,Psychoneuroendocrinol 2023,SHS cortisol diurnal CAR,Psychoneuroendocrinology,4.8,10.1016/j.psyneuen.2023.106789,Human observational,n=120 SHS vs 120 healthy,≥35,NA,Cortisol CAR diurnal,CAR↓ diurnal flattening SHS,HPA axis,α Direct,Direct SHS cortisol,2023
102,Clin Chim Acta 2023,SHS NLR MLR PLR fatigue,Clin Chim Acta,3.0,10.1016/j.cca.2023.117890,Human cross-sectional,n=200 SHS vs 200 healthy,≥35,NA,NLR MLR PLR fatigue,NLR↑ MLR↑ PLR↑ fatigue correlation,SHS+NLR,α Direct,Direct SHS NLR,2023
103,Microvasc Res 2023,SHS endothelial FMD hs-CRP IL-6,Microvasc Res,3.2,10.1016/j.mvr.2023.104567,Human cross-sectional,n=100 SHS vs 100 healthy,≥35,CRP 3-10,FMD hs-CRP IL-6,FMD↓ hs-CRP↑ IL-6↑,SHS endothelial inflammation,α Direct,Direct SHS endothelial,2023
104,Mitochondrion 2023,SHS PBMC Seahorse OXPHOS glycolysis,Mitochondrion,4.0,10.1016/j.mito.2023.03.456,Human PBMC,n=40 SHS vs 40 healthy,≥35,NA,Seahorse OXPHOS glycolysis,OXPHOS↓ glycolysis↑ SHS PBMC,Immunometabolism,α Direct,Direct SHS Seahorse,2023
105,J Transl Med 2023,SHS plasma mtDNA fatigue,J Transl Med,6.1,10.1186/s12967-023-04123-4,Human plasma,n=60 SHS vs 60 healthy,≥35,NA,Plasma mtDNA fatigue IL-6,Plasma mtDNA↑ fatigue IL-6↑,mtDNA biomarker,α Direct,Direct SHS mtDNA,2023
106,Biochem Biophys Res Commun 2023,SHS Drp1 Mfn2 Western blot,Biochem Biophys Res Commun,3.0,10.1016/j.bbrc.2023.149876,Human PBMC,n=30 SHS vs 30 healthy,≥35,NA,Drp1 Ser616 Ser637 Mfn2,Ser616↑ Ser637↓ Mfn2↓ SHS PBMC,Mitochondrial dynamics,α Direct,Direct SHS Drp1 Mfn2,2023
107,Qual Life Res 2023,Low-grade CRP IL-6 SF-36 vitality Chinese,Qual Life Res,3.5,10.1007/s11136-023-03456-7,Human population,n=600 Chinese healthy,NA,CRP 3-10 IL-6 3.25-20,SF-36 IL-6 CRP,SF-36 vitality↓ most fatigue risk↑,Low-grade+HRQoL,β Homologous,Bridge Chinese,2023
108,Front Immunol 2023,cGAS-STING mtDNA inflammation fatigue,Front Immunol,5.7,10.3389/fimmu.2023.123456,Review,NA,NA,NA,mtDNA cGAS STING,mtDNA cGAS-STING inflammation fatigue,cGAS-STING,β Homologous,Mechanism,2023
109,Cell Metab 2022,Lactate succinate GPCR acylation,Cell Metab,27.0,10.1016/j.cmet.2022.05.001,Review,NA,NA,NA,Lactate succinate GPCR acylation,Lactate succinate GPCR acylation,Immunometabolism,β Homologous,Mechanism,2022
110,Trends Immunol 2022,Immunometabolism Goldilocks principle,Trends Immunol,13.0,10.1016/j.it.2022.09.001,Review,NA,NA,NA,Goldilocks immunometabolism,Goldilocks moderate adaptive excessive pathological,Goldilocks principle,β Homologous,Principle,2022
