record_id,article_role,exact_title,pmid,pubmed_url,doi,doi_url,outcome,source_locator,effect_measure,effect_value,ci_lower,ci_upper,effect_status,analysis_set,synthesis_status,pooling_decision,rationale,next_action
YAN2015-CORT,direct_SHS_cortisol,"Association of suboptimal health status with psychosocial stress, plasma cortisol and mRNA expression of glucocorticoid receptor α/β in lymphocyte",25518867,https://pubmed.ncbi.nlm.nih.gov/25518867/,10.3109/10253890.2014.999233,https://doi.org/10.3109/10253890.2014.999233,plasma cortisol,"PDF p. 6, Table 4 (supplied PDF)",MD high minus low,10.81,7.70,13.92,derived_not_author_reported,direct_SHS_cortisol,narrative_study_level_withheld_from_primary_pool,not_pooled,"Potentially etiologic SHS-cortisol comparison, but the January-April 2012 Xuanwu Hospital frame may overlap Yan 2012 and Table 4 reports covariate-adjusted values.",Keep the adjusted study-level value in narrative synthesis; do not treat the derived CI as author-reported.
YAN2012-CORT,direct_SHS_cortisol,Association of Suboptimal Health Status and Cardiovascular Risk Factors in Urban Chinese Workers,22203493,https://pubmed.ncbi.nlm.nih.gov/22203493/,10.1007/s11524-011-9636-8,https://doi.org/10.1007/s11524-011-9636-8,serum cortisol,"PDF p. 6, Table 2; group counts from PDF Table 1",MD high minus low,42.98,40.53,45.43,derived_not_author_reported,direct_SHS_cortisol,narrative_study_level_withheld_from_primary_pool,not_pooled,"Potentially etiologic SHS-cortisol comparison, but cohort independence, serum-versus-plasma comparability, sampling time and sample-median SHS definition remain unresolved.",Keep the source value in narrative synthesis; reopen quantitative pooling only after cohort and measurement reconciliation.
YAN2018-CORT,direct_SHS_cortisol,"Latent class analysis to evaluate performance of plasma cortisol, plasma catecholamines, and SHSQ-25 for early recognition of suboptimal health status",30174765,https://pubmed.ncbi.nlm.nih.gov/30174765/,10.1007/s13167-018-0144-8,https://doi.org/10.1007/s13167-018-0144-8,plasma cortisol,"PDF p. 4, Table 2 and PDF Results",MD SHS minus health,44.00,40.55,47.45,derived_not_author_reported,direct_SHS_cortisol_diagnostic_bridge,diagnostic_evidence_excluded_from_etiologic_pool,not_pooled,Cortisol is a manifest variable in the LCA that assigns the final SHS and health-status classes; the contrast is not an independent SHSQ-25 exposure-cortisol outcome estimate.,Report as diagnostic/bridge evidence only; do not combine with etiologic group comparisons.
GARVIN2016-VT-HILO,bridge_low_grade_inflammation,The joint subclinical elevation of CRP and IL-6 is associated with lower health-related quality of life in comparison with no elevation or elevation of only one of the biomarkers,26195318,https://pubmed.ncbi.nlm.nih.gov/26195318/,10.1007/s11136-015-1068-6,https://doi.org/10.1007/s11136-015-1068-6,SF-36 vitality adjusted contrast (Model b),"PDF p. 6, Table 4; Model b",11.30,,,0.001,Regression contrast relative to high/high group; not a raw mean difference and not SHSQ-25-defined.,low_grade_inflammation_HRQoL_bridge,narrative_bridge_only,not_pooled_with_direct_SHS_cortisol,Low-grade-inflammation and HRQoL estimands do not use SHSQ-25-defined SHS or the direct cortisol outcome.,Retain as a separately graded mechanistic bridge; do not mix effect scales with direct SHS-cortisol data.
GARVIN2016-VT-LOHI,bridge_low_grade_inflammation,The joint subclinical elevation of CRP and IL-6 is associated with lower health-related quality of life in comparison with no elevation or elevation of only one of the biomarkers,26195318,https://pubmed.ncbi.nlm.nih.gov/26195318/,10.1007/s11136-015-1068-6,https://doi.org/10.1007/s11136-015-1068-6,SF-36 vitality adjusted contrast (Model b),"PDF p. 6, Table 4; Model b",9.90,,,0.005,Regression contrast relative to high/high group; not a raw mean difference and not SHSQ-25-defined.,low_grade_inflammation_HRQoL_bridge,narrative_bridge_only,not_pooled_with_direct_SHS_cortisol,Low-grade-inflammation and HRQoL estimands do not use SHSQ-25-defined SHS or the direct cortisol outcome.,Retain as a separately graded mechanistic bridge; do not mix effect scales with direct SHS-cortisol data.
GARVIN2016-VT-LOLO,bridge_low_grade_inflammation,The joint subclinical elevation of CRP and IL-6 is associated with lower health-related quality of life in comparison with no elevation or elevation of only one of the biomarkers,26195318,https://pubmed.ncbi.nlm.nih.gov/26195318/,10.1007/s11136-015-1068-6,https://doi.org/10.1007/s11136-015-1068-6,SF-36 vitality adjusted contrast (Model b),"PDF p. 6, Table 4; Model b",6.10,,,0.035,Regression contrast relative to high/high group; not a raw mean difference and not SHSQ-25-defined.,low_grade_inflammation_HRQoL_bridge,narrative_bridge_only,not_pooled_with_direct_SHS_cortisol,Low-grade-inflammation and HRQoL estimands do not use SHSQ-25-defined SHS or the direct cortisol outcome.,Retain as a separately graded mechanistic bridge; do not mix effect scales with direct SHS-cortisol data.
DINH2019-PCS-OC,bridge_low_grade_inflammation,Low-grade inflammation is negatively associated with physical Health-Related Quality of Life in healthy individuals: Results from The Danish Blood Donor Study (DBDS),30921429,https://pubmed.ncbi.nlm.nih.gov/30921429/,10.1371/journal.pone.0214468,https://doi.org/10.1371/journal.pone.0214468,SF-12 PCS points,PDF p. 1 abstract and PDF p. 8 Table 4,adjusted regression coefficient,-0.36,-0.94,-0.19,reported_bridge,low_grade_inflammation_HRQoL_bridge,narrative_bridge_only,not_pooled_with_direct_SHS_cortisol,Low-grade-inflammation and HRQoL estimands do not use SHSQ-25-defined SHS or the direct cortisol outcome.,Retain as a separately graded mechanistic bridge; do not mix effect scales with direct SHS-cortisol data.
DINH2019-PCS-NOOC,bridge_low_grade_inflammation,Low-grade inflammation is negatively associated with physical Health-Related Quality of Life in healthy individuals: Results from The Danish Blood Donor Study (DBDS),30921429,https://pubmed.ncbi.nlm.nih.gov/30921429/,10.1371/journal.pone.0214468,https://doi.org/10.1371/journal.pone.0214468,SF-12 PCS points,PDF p. 1 abstract and PDF p. 8 Table 4,adjusted regression coefficient,-0.63,-1.05,-0.21,reported_bridge,low_grade_inflammation_HRQoL_bridge,narrative_bridge_only,not_pooled_with_direct_SHS_cortisol,Low-grade-inflammation and HRQoL estimands do not use SHSQ-25-defined SHS or the direct cortisol outcome.,Retain as a separately graded mechanistic bridge; do not mix effect scales with direct SHS-cortisol data.
DINH2019-PCS-MEN,bridge_low_grade_inflammation,Low-grade inflammation is negatively associated with physical Health-Related Quality of Life in healthy individuals: Results from The Danish Blood Donor Study (DBDS),30921429,https://pubmed.ncbi.nlm.nih.gov/30921429/,10.1371/journal.pone.0214468,https://doi.org/10.1371/journal.pone.0214468,SF-12 PCS points,PDF p. 1 abstract and PDF p. 8 Table 4,adjusted regression coefficient,-0.76,-1.10,-0.42,reported_bridge,low_grade_inflammation_HRQoL_bridge,narrative_bridge_only,not_pooled_with_direct_SHS_cortisol,Low-grade-inflammation and HRQoL estimands do not use SHSQ-25-defined SHS or the direct cortisol outcome.,Retain as a separately graded mechanistic bridge; do not mix effect scales with direct SHS-cortisol data.
WHITEHALL2013-CRP,bridge_fatigue_inflammation,Association of C-reactive protein and interleukin-6 with new-onset fatigue in the Whitehall II prospective cohort study,23151405,https://pubmed.ncbi.nlm.nih.gov/23151405/,10.1017/S0033291712002437,https://doi.org/10.1017/S0033291712002437,OR,"PDF p. 7, Table 4; fully adjusted model",new-onset fatigue OR,1.28,1.09,1.49,reported_bridge,inflammation_fatigue_bridge,narrative_bridge_only,not_pooled_with_direct_SHS_cortisol,"Whitehall II reports separate CRP and IL-6 fatigue ORs, not SHSQ-25-defined SHS or a joint-marker effect.",Retain separate-marker results as bridge evidence; do not restore the unsupported historical joint-marker OR.
WHITEHALL2013-IL6,bridge_fatigue_inflammation,Association of C-reactive protein and interleukin-6 with new-onset fatigue in the Whitehall II prospective cohort study,23151405,https://pubmed.ncbi.nlm.nih.gov/23151405/,10.1017/S0033291712002437,https://doi.org/10.1017/S0033291712002437,OR,"PDF p. 7, Table 4; fully adjusted model",new-onset fatigue OR,1.24,1.06,1.45,reported_bridge,inflammation_fatigue_bridge,narrative_bridge_only,not_pooled_with_direct_SHS_cortisol,"Whitehall II reports separate CRP and IL-6 fatigue ORs, not SHSQ-25-defined SHS or a joint-marker effect.",Retain separate-marker results as bridge evidence; do not restore the unsupported historical joint-marker OR.
