record_id,attachment_filename,article_role,exact_title,pmid,pubmed_url,doi,doi_url,design,population_n,comparison_definition,group_1_n,group_1_label,group_1_mean_or_effect,group_1_sd_or_ci,group_2_n,group_2_label,group_2_mean_or_effect,group_2_sd_or_ci,unit,outcome,effect_measure,effect_value,ci_lower,ci_upper,p_value,source_locator,effect_status,notes,pdf_sha256,pdf_pages,pdf_extraction_status
YAN2015-CORT,Association of suboptimal health status with psychosocial stress  plasma cortisol and mRNA expression of glucocorticoid receptor     in lymphocyte.pdf,direct_SHS_cortisol,"Association of suboptimal health status with psychosocial stress, plasma cortisol and mRNA expression of glucocorticoid receptor α/β in lymphocyte",25518867,https://pubmed.ncbi.nlm.nih.gov/25518867/,10.3109/10253890.2014.999233,https://doi.org/10.3109/10253890.2014.999233,cross-sectional worker study,382,SHS score ≥35 vs <35; four cortisol outliers excluded,193,high SHS,178.58,18.25,189,low SHS,167.77,12.25,ng/mL,plasma cortisol,MD high minus low,10.81,7.70,13.92,<0.001,"PDF p. 6, Table 4 (supplied PDF)",derived_not_author_reported,Means and SDs are reported; MD and 95% CI are derived by independent-group approximation. Recruited n=386; analyzed n=382. Supplied PDF text extracted with pypdf 6.19.0.,fc3401389212ee909d6826e799fec739447fae120e72f62f66a5678791bb62d2,7,pypdf_complete
YAN2012-CORT,s11524-011-9636-8.pdf,direct_SHS_cortisol,Association of Suboptimal Health Status and Cardiovascular Risk Factors in Urban Chinese Workers,22203493,https://pubmed.ncbi.nlm.nih.gov/22203493/,10.1007/s11524-011-9636-8,https://doi.org/10.1007/s11524-011-9636-8,cross-sectional urban worker study,3019,Sample-median SHS score ≥44 vs <44,1547,high SHS,204.31,40.06,1472,low SHS,161.33,27.83,ng/mL,serum cortisol,MD high minus low,42.98,40.53,45.43,<0.001,"PDF p. 6, Table 2; group counts from PDF Table 1",derived_not_author_reported,"Source reports t=34.076 and p<0.001. This uses a sample-median grouping, not the canonical SHSQ-25 ≥35 threshold. Supplied PDF text extracted with pypdf 6.19.0.",4e7f2efaf074552d54a2d3bdedca2d7c0440acfe8b18f5a71ae252f9aa40c5e2,10,pypdf_complete
YAN2018-CORT,s13167-018-0144-8.pdf,direct_SHS_cortisol,"Latent class analysis to evaluate performance of plasma cortisol, plasma catecholamines, and SHSQ-25 for early recognition of suboptimal health status",30174765,https://pubmed.ncbi.nlm.nih.gov/30174765/,10.1007/s13167-018-0144-8,https://doi.org/10.1007/s13167-018-0144-8,cross-sectional employee study with latent class analysis,868,LCA-defined SHS vs health status; SHSQ-25 is a manifest indicator,298,LCA-defined SHS,205.80,29.82,570,LCA-defined health,161.80,7.79,ng/mL,plasma cortisol,MD SHS minus health,44.00,40.55,47.45,<0.001,"PDF p. 4, Table 2 and PDF Results",derived_not_author_reported,Source reports means and SDs and LCA classification. Earlier project label Hou 2019 and ijerph DOI were incorrect. Supplied PDF text extracted with pypdf 6.19.0.,19645700864cf4d0bae15dd084e0238801ca97f76fdd8c4fd39cb6fe25fd0051,7,pypdf_complete
GARVIN2016-VT-HILO,s11136-015-1068-6.pdf,bridge_low_grade_inflammation,The joint subclinical elevation of CRP and IL-6 is associated with lower health-related quality of life in comparison with no elevation or elevation of only one of the biomarkers,26195318,https://pubmed.ncbi.nlm.nih.gov/26195318/,10.1007/s11136-015-1068-6,https://doi.org/10.1007/s11136-015-1068-6,population-based Swedish study,534,High CRP/low IL-6 vs high CRP/high IL-6; CRP 3-10 mg/L and IL-6 >3.25 pg/mL for high/high,66,"high CRP, low IL-6",,,52,"high CRP, high IL-6",,,SF-36 points,SF-36 vitality adjusted contrast (Model b),11.30,,,0.001,PMC Table 4; Model b,"PDF p. 6, Table 4; Model b",Regression contrast relative to high/high group; not a raw mean difference and not SHSQ-25-defined.,. Supplied PDF text extracted with pypdf 6.19.0.,ef5e490f6d922cabd797410eef12f01b9b5a17732d466201f746a0d35f895bff,9,pypdf_complete
GARVIN2016-VT-LOHI,s11136-015-1068-6.pdf,bridge_low_grade_inflammation,The joint subclinical elevation of CRP and IL-6 is associated with lower health-related quality of life in comparison with no elevation or elevation of only one of the biomarkers,26195318,https://pubmed.ncbi.nlm.nih.gov/26195318/,10.1007/s11136-015-1068-6,https://doi.org/10.1007/s11136-015-1068-6,population-based Swedish study,534,Low CRP/high IL-6 vs high CRP/high IL-6; CRP <1 mg/L and IL-6 >3.25 pg/mL for low/high,52,"low CRP, high IL-6",,,52,"high CRP, high IL-6",,,SF-36 points,SF-36 vitality adjusted contrast (Model b),9.90,,,0.005,PMC Table 4; Model b,"PDF p. 6, Table 4; Model b",Regression contrast relative to high/high group; not a raw mean difference and not SHSQ-25-defined.,. Supplied PDF text extracted with pypdf 6.19.0.,ef5e490f6d922cabd797410eef12f01b9b5a17732d466201f746a0d35f895bff,9,pypdf_complete
GARVIN2016-VT-LOLO,s11136-015-1068-6.pdf,bridge_low_grade_inflammation,The joint subclinical elevation of CRP and IL-6 is associated with lower health-related quality of life in comparison with no elevation or elevation of only one of the biomarkers,26195318,https://pubmed.ncbi.nlm.nih.gov/26195318/,10.1007/s11136-015-1068-6,https://doi.org/10.1007/s11136-015-1068-6,population-based Swedish study,534,Low CRP/low IL-6 vs high CRP/high IL-6; CRP <1 mg/L and IL-6 <0.57 pg/mL as reported in Table 1,355,"low CRP, low IL-6",,,52,"high CRP, high IL-6",,,SF-36 points,SF-36 vitality adjusted contrast (Model b),6.10,,,0.035,PMC Table 4; Model b,"PDF p. 6, Table 4; Model b",Regression contrast relative to high/high group; not a raw mean difference and not SHSQ-25-defined.,. Supplied PDF text extracted with pypdf 6.19.0.,ef5e490f6d922cabd797410eef12f01b9b5a17732d466201f746a0d35f895bff,9,pypdf_complete
DINH2019-PCS-OC,file.pdf,bridge_low_grade_inflammation,Low-grade inflammation is negatively associated with physical Health-Related Quality of Life in healthy individuals: Results from The Danish Blood Donor Study (DBDS),30921429,https://pubmed.ncbi.nlm.nih.gov/30921429/,10.1371/journal.pone.0214468,https://doi.org/10.1371/journal.pone.0214468,large healthy blood-donor cohort,17024,LGI CRP 3-10 mg/L vs no LGI; women using combined oral contraception,,LGI subgroup,-0.36,-0.94 to -0.19,,,no-LGI comparator,,,SF-12 PCS points,adjusted regression coefficient,-0.36,-0.94,-0.19,,PDF p. 1 abstract and PDF p. 8 Table 4,reported_bridge,"The article has a separate correction record: PMID 31136577, DOI 10.1371/journal.pone.0216339. This is physical HRQoL, not fatigue and not SHSQ-25. Supplied PDF text extracted with pypdf 6.19.0.",69ea7e3324170625ac69e57b02f11dd79c9f0dab6062eeeb5f5680674cca66a4,16,pypdf_complete
DINH2019-PCS-NOOC,file.pdf,bridge_low_grade_inflammation,Low-grade inflammation is negatively associated with physical Health-Related Quality of Life in healthy individuals: Results from The Danish Blood Donor Study (DBDS),30921429,https://pubmed.ncbi.nlm.nih.gov/30921429/,10.1371/journal.pone.0214468,https://doi.org/10.1371/journal.pone.0214468,large healthy blood-donor cohort,17024,LGI CRP 3-10 mg/L vs no LGI; women not using combined oral contraception,,LGI subgroup,-0.63,-1.05 to -0.21,,,no-LGI comparator,,,SF-12 PCS points,adjusted regression coefficient,-0.63,-1.05,-0.21,,PDF p. 1 abstract and PDF p. 8 Table 4,reported_bridge,"The article has a separate correction record: PMID 31136577, DOI 10.1371/journal.pone.0216339. This is physical HRQoL, not fatigue and not SHSQ-25. Supplied PDF text extracted with pypdf 6.19.0.",69ea7e3324170625ac69e57b02f11dd79c9f0dab6062eeeb5f5680674cca66a4,16,pypdf_complete
DINH2019-PCS-MEN,file.pdf,bridge_low_grade_inflammation,Low-grade inflammation is negatively associated with physical Health-Related Quality of Life in healthy individuals: Results from The Danish Blood Donor Study (DBDS),30921429,https://pubmed.ncbi.nlm.nih.gov/30921429/,10.1371/journal.pone.0214468,https://doi.org/10.1371/journal.pone.0214468,large healthy blood-donor cohort,17024,LGI CRP 3-10 mg/L vs no LGI; men,,LGI subgroup,-0.76,-1.10 to -0.42,,,no-LGI comparator,,,SF-12 PCS points,adjusted regression coefficient,-0.76,-1.10,-0.42,,PDF p. 1 abstract and PDF p. 8 Table 4,reported_bridge,"The article has a separate correction record: PMID 31136577, DOI 10.1371/journal.pone.0216339. This is physical HRQoL, not fatigue and not SHSQ-25. Supplied PDF text extracted with pypdf 6.19.0.",69ea7e3324170625ac69e57b02f11dd79c9f0dab6062eeeb5f5680674cca66a4,16,pypdf_complete
WHITEHALL2013-CRP,S0033291712002437.pdf,bridge_fatigue_inflammation,Association of C-reactive protein and interleukin-6 with new-onset fatigue in the Whitehall II prospective cohort study,23151405,https://pubmed.ncbi.nlm.nih.gov/23151405/,10.1017/S0033291712002437,https://doi.org/10.1017/S0033291712002437,prospective occupational cohort,4689,Baseline CRP ≥1.0 mg/L vs <1.0 mg/L; fully adjusted new-onset fatigue model,,high CRP,1.28,1.09 to 1.49,,,low CRP,1.00,,OR,new-onset fatigue OR,1.28,1.09,1.49,0.003,"PDF p. 7, Table 4; fully adjusted model",reported_bridge,Separate CRP marker analysis; not SHSQ-25 and not the unverified joint-marker OR 1.60. Supplied PDF text extracted with pypdf 6.19.0.,291d1c3d4d661235c4aae807060c043e610bc4b130f42d84feb516b75d546092,12,pypdf_complete
WHITEHALL2013-IL6,S0033291712002437.pdf,bridge_fatigue_inflammation,Association of C-reactive protein and interleukin-6 with new-onset fatigue in the Whitehall II prospective cohort study,23151405,https://pubmed.ncbi.nlm.nih.gov/23151405/,10.1017/S0033291712002437,https://doi.org/10.1017/S0033291712002437,prospective occupational cohort,4654,Baseline IL-6 ≥1.5 pg/mL vs <1.5 pg/mL; fully adjusted new-onset fatigue model,,high IL-6,1.24,1.06 to 1.45,,,low IL-6,1.00,,OR,new-onset fatigue OR,1.24,1.06,1.45,0.008,"PDF p. 7, Table 4; fully adjusted model",reported_bridge,Separate IL-6 marker analysis; not SHSQ-25 and not the unverified joint-marker OR 1.60. Supplied PDF text extracted with pypdf 6.19.0.,291d1c3d4d661235c4aae807060c043e610bc4b130f42d84feb516b75d546092,12,pypdf_complete
