legacy_row_id,legacy_outcome,legacy_study_label,legacy_effect,verification_status,verified_exact_title,pmid,pubmed_url,doi,doi_url,eligibility_status,reason_for_decision,required_action,source_basis
legacy_01,Cortisol_ng_ml,Hou 2019 PMC6107457,"MD 44.0 [38.0,50.0]",verified_identity_but_legacy_label_and_effect_mismatch,"Latent class analysis to evaluate performance of plasma cortisol, plasma catecholamines, and SHSQ-25 for early recognition of suboptimal health status",30174765,https://pubmed.ncbi.nlm.nih.gov/30174765/,10.1007/s13167-018-0144-8,https://doi.org/10.1007/s13167-018-0144-8,source_audited_record_retained_separately_not_primary_pool,"The verified article has n=868, LCA groups n=298/570, and cortisol is a manifest variable in class assignment; historical n=100/100 and MD 44.0 are not supported as entered.",Quarantine legacy row; use the PDF-audited record only as diagnostic/bridge evidence.,38_PDF_Byte_Extraction_Audit and 40_Cohort_Reconciliation
legacy_02,Cortisol_ng_ml,Liu 2024,MD 25.0,unverified_no_exact_title_pmid_doi,,,,,,quarantine_from_primary_meta,"No exact article title, PMID/PubMed link, DOI link and source table have been verified for this legacy row.",Remove from the primary input or replace only after fresh bibliographic and PDF/table verification.,36_Verified_Bibliography_and_Unverified_Meta_Rows; historical provisional CSV
legacy_03,Cortisol_ng_ml,Zhang 2024,MD 40.0,unverified_no_exact_title_pmid_doi,,,,,,quarantine_from_primary_meta,"No exact article title, PMID/PubMed link, DOI link and source table have been verified for this legacy row.",Remove from the primary input or replace only after fresh bibliographic and PDF/table verification.,36_Verified_Bibliography_and_Unverified_Meta_Rows; historical provisional CSV
legacy_04,Cortisol_ng_ml,Alzain 2024b,MD 35.0,verified_context_article_but_legacy_cohort_unverified,Assessing suboptimal health status in the Saudi population: Translation and validation of the SHSQ-25 questionnaire,38305242,https://pubmed.ncbi.nlm.nih.gov/38305242/,10.7189/jogh.14.04030,https://doi.org/10.7189/jogh.14.04030,quarantine_legacy_row_no_verified_cortisol_effect,The verified Alzain article is a Saudi SHSQ-25 translation/validation paper; it does not verify the historical cortisol row entered here.,Do not use the historical cortisol numbers unless a separate exact article identity and source table are verified.,36_Verified_Bibliography and 38_PDF_Byte_Extraction_Audit
legacy_05,NLR,Chen 2024,MD 0.5,unverified_no_exact_title_pmid_doi,,,,,,quarantine_from_primary_meta,"No exact article title, PMID/PubMed link, DOI link and source table have been verified for this legacy row.",Quarantine; do not assign a guessed PMID or DOI. Conduct a fresh search or remove from the primary input.,36_Verified_Bibliography_and_Unverified_Meta_Rows; historical provisional CSV
legacy_06,NLR,Alzain 2024b,MD 0.5,verified_context_article_but_legacy_cohort_unverified,Assessing suboptimal health status in the Saudi population: Translation and validation of the SHSQ-25 questionnaire,38305242,https://pubmed.ncbi.nlm.nih.gov/38305242/,10.7189/jogh.14.04030,https://doi.org/10.7189/jogh.14.04030,quarantine_legacy_row_no_verified_NLR_effect,The verified Alzain article is a questionnaire translation/validation record; it does not verify the historical NLR effect row.,"Do not use this NLR row without a separately verified article title, PMID, DOI and source table.",36_Verified_Bibliography and 38_PDF_Byte_Extraction_Audit
legacy_07,NLR,Crohn MDA 2020,MD 0.6,unverified_no_exact_title_pmid_doi,,,,,,quarantine_from_primary_meta,"The legacy label describes a disease-specific population rather than a verified SHSQ-25-defined SHS cohort, and no exact article identity is verified in this project.",Exclude from the SHS Meta unless a new exact source proves an eligible SHS population.,36_Verified_Bibliography_and_Unverified_Meta_Rows; historical provisional CSV
legacy_08,NLR,Hemodialysis 2021,MD 0.4,unverified_no_exact_title_pmid_doi,,,,,,quarantine_from_primary_meta,"The legacy label describes a disease-specific population rather than a verified SHSQ-25-defined SHS cohort, and no exact article identity is verified in this project.",Exclude from the SHS Meta unless a new exact source proves an eligible SHS population.,36_Verified_Bibliography_and_Unverified_Meta_Rows; historical provisional CSV
legacy_09,NLR,MASLD 2022,MD 0.5,unverified_no_exact_title_pmid_doi,,,,,,quarantine_from_primary_meta,"The legacy label describes a disease-specific population rather than a verified SHSQ-25-defined SHS cohort, and no exact article identity is verified in this project.",Exclude from the SHS Meta unless a new exact source proves an eligible SHS population.,36_Verified_Bibliography_and_Unverified_Meta_Rows; historical provisional CSV
legacy_10,NLR,Clin Chim Acta 2023,MD 0.55,unverified_no_exact_title_pmid_doi,,,,,,quarantine_from_primary_meta,"No exact article title, PMID/PubMed link, DOI link and source table have been verified for this legacy row.",Quarantine; do not assign a guessed PMID or DOI. Conduct a fresh search or remove from the primary input.,36_Verified_Bibliography_and_Unverified_Meta_Rows; historical provisional CSV
legacy_11,HRV_SDNN_ms,Zhang 2024,MD -25,unverified_no_exact_title_pmid_doi,,,,,,quarantine_from_primary_meta,"No exact article title, PMID/PubMed link, DOI link and source table have been verified for this legacy row.",Quarantine; do not assign a guessed PMID or DOI. Conduct a fresh search or remove from the primary input.,36_Verified_Bibliography_and_Unverified_Meta_Rows; historical provisional CSV
legacy_12,HRV_SDNN_ms,BBIH 2021,MD -25,unverified_no_exact_title_pmid_doi,,,,,,quarantine_from_primary_meta,"No exact article title, PMID/PubMed link, DOI link and source table have been verified for this legacy row.",Quarantine; do not assign a guessed PMID or DOI. Conduct a fresh search or remove from the primary input.,36_Verified_Bibliography_and_Unverified_Meta_Rows; historical provisional CSV
legacy_13,HRV_SDNN_ms,J Psychosom Res 2023,MD -24,unverified_no_exact_title_pmid_doi,,,,,,quarantine_from_primary_meta,"No exact article title, PMID/PubMed link, DOI link and source table have been verified for this legacy row.",Quarantine; do not assign a guessed PMID or DOI. Conduct a fresh search or remove from the primary input.,36_Verified_Bibliography_and_Unverified_Meta_Rows; historical provisional CSV
legacy_14,HRV_SDNN_ms,Psychoneuroendocrinol 2022,MD -26,unverified_no_exact_title_pmid_doi,,,,,,quarantine_from_primary_meta,"No exact article title, PMID/PubMed link, DOI link and source table have been verified for this legacy row.",Quarantine; do not assign a guessed PMID or DOI. Conduct a fresh search or remove from the primary input.,36_Verified_Bibliography_and_Unverified_Meta_Rows; historical provisional CSV
legacy_15,HRV_RMSSD_ms,Zhang 2024,MD -10,unverified_no_exact_title_pmid_doi,,,,,,quarantine_from_primary_meta,"No exact article title, PMID/PubMed link, DOI link and source table have been verified for this legacy row.",Quarantine; do not assign a guessed PMID or DOI. Conduct a fresh search or remove from the primary input.,36_Verified_Bibliography_and_Unverified_Meta_Rows; historical provisional CSV
legacy_16,HRV_RMSSD_ms,BBIH 2021,MD -10,unverified_no_exact_title_pmid_doi,,,,,,quarantine_from_primary_meta,"No exact article title, PMID/PubMed link, DOI link and source table have been verified for this legacy row.",Quarantine; do not assign a guessed PMID or DOI. Conduct a fresh search or remove from the primary input.,36_Verified_Bibliography_and_Unverified_Meta_Rows; historical provisional CSV
legacy_17,HRV_RMSSD_ms,J Psychosom Res 2023,MD -11,unverified_no_exact_title_pmid_doi,,,,,,quarantine_from_primary_meta,"No exact article title, PMID/PubMed link, DOI link and source table have been verified for this legacy row.",Quarantine; do not assign a guessed PMID or DOI. Conduct a fresh search or remove from the primary input.,36_Verified_Bibliography_and_Unverified_Meta_Rows; historical provisional CSV
legacy_18,Fatigue_OR_joint,Swedish 2015,"OR 1.85 [1.45,2.36]",verified_identity_but_outcome_mismatch,The joint subclinical elevation of CRP and IL-6 is associated with lower health-related quality of life in comparison with no elevation or elevation of only one of the biomarkers,26195318,https://pubmed.ncbi.nlm.nih.gov/26195318/,10.1007/s11136-015-1068-6,https://doi.org/10.1007/s11136-015-1068-6,quarantine_legacy_fatigue_row_retain_verified_bridge_separately,"The verified source reports adjusted SF-36 contrasts, including vitality, not a joint-marker fatigue OR of 1.85.",Remove the historical fatigue OR from any quantitative synthesis; retain only the source-audited SF-36 bridge estimates.,38_PDF_Byte_Extraction_Audit and verified PDF p.6 Table 4
legacy_19,Fatigue_OR_joint,Danish DBDS 2019,"OR 1.52 [1.32,1.75]",verified_identity_but_outcome_mismatch,Low-grade inflammation is negatively associated with physical Health-Related Quality of Life in healthy individuals: Results from The Danish Blood Donor Study (DBDS),30921429,https://pubmed.ncbi.nlm.nih.gov/30921429/,10.1371/journal.pone.0214468,https://doi.org/10.1371/journal.pone.0214468,quarantine_legacy_fatigue_row_retain_verified_bridge_separately,"The verified source reports stratified SF-12 physical HRQoL regression coefficients, not a fatigue OR of 1.52.",Remove the historical fatigue OR; retain only source-audited physical HRQoL bridge estimates and the separate correction record.,38_PDF_Byte_Extraction_Audit and verified PDF abstract/Table 4
legacy_20,Fatigue_OR_joint,PLOS ONE 2019,"OR 1.68 [1.20,2.35]",unverified_no_exact_title_pmid_doi,,,,,,quarantine_from_primary_meta,"No exact article title, PMID/PubMed link, DOI link and source table have been verified for this legacy row.",Quarantine; do not assign a guessed PMID or DOI. Conduct a fresh search or remove from the primary input.,36_Verified_Bibliography_and_Unverified_Meta_Rows; historical provisional CSV
legacy_21,Fatigue_OR_joint,Qual Life Res 2023 Chinese,"OR 1.72 [1.30,2.28]",unverified_no_exact_title_pmid_doi,,,,,,quarantine_from_primary_meta,"No exact article title, PMID/PubMed link, DOI link and source table have been verified for this legacy row.",Quarantine; do not assign a guessed PMID or DOI. Conduct a fresh search or remove from the primary input.,36_Verified_Bibliography_and_Unverified_Meta_Rows; historical provisional CSV
legacy_22,Fatigue_OR_joint,J Korean Med Sci 2024,"OR 1.45 [1.15,1.83]",unverified_no_exact_title_pmid_doi,,,,,,quarantine_from_primary_meta,"No exact article title, PMID/PubMed link, DOI link and source table have been verified for this legacy row.",Quarantine; do not assign a guessed PMID or DOI. Conduct a fresh search or remove from the primary input.,36_Verified_Bibliography_and_Unverified_Meta_Rows; historical provisional CSV
legacy_23,Fatigue_OR_joint,BBI 2023,"OR 1.60 [1.35,1.90]",unverified_no_exact_title_pmid_doi,,,,,,quarantine_from_primary_meta,"No exact article title, PMID/PubMed link, DOI link and source table have been verified for this legacy row.",Quarantine; do not assign a guessed PMID or DOI. Conduct a fresh search or remove from the primary input.,36_Verified_Bibliography_and_Unverified_Meta_Rows; historical provisional CSV
legacy_24,SF36_Vitality,Swedish 2015,MD -10,verified_identity_but_legacy_effect_not_supported,The joint subclinical elevation of CRP and IL-6 is associated with lower health-related quality of life in comparison with no elevation or elevation of only one of the biomarkers,26195318,https://pubmed.ncbi.nlm.nih.gov/26195318/,10.1007/s11136-015-1068-6,https://doi.org/10.1007/s11136-015-1068-6,replace_only_with_source_audited_bridge_extraction,"The verified source has adjusted SF-36 vitality contrasts versus the high/high biomarker group, not the historical raw mean/SD row entered here.",Quarantine the legacy raw mean/SD row; use the separate source-audited bridge CSV.,38_PDF_Byte_Extraction_Audit and verified PDF p.6 Table 4
legacy_25,SF36_Vitality,Danish DBDS 2019,MD -8,verified_identity_but_outcome_mismatch,Low-grade inflammation is negatively associated with physical Health-Related Quality of Life in healthy individuals: Results from The Danish Blood Donor Study (DBDS),30921429,https://pubmed.ncbi.nlm.nih.gov/30921429/,10.1371/journal.pone.0214468,https://doi.org/10.1371/journal.pone.0214468,quarantine_legacy_SF36_row,"The verified source reports SF-12 physical component regression coefficients, not SF-36 vitality means/SDs.",Remove the legacy SF-36 row; retain Dinh only as source-audited SF-12 physical HRQoL bridge evidence.,38_PDF_Byte_Extraction_Audit and verified PDF abstract/Table 4
legacy_26,SF36_Vitality,Qual Life Res 2024 Chinese,MD -10,unverified_no_exact_title_pmid_doi,,,,,,quarantine_from_primary_meta,"No exact article title, PMID/PubMed link, DOI link and source table have been verified for this legacy row.",Quarantine; do not assign a guessed PMID or DOI. Conduct a fresh search or remove from the primary input.,36_Verified_Bibliography_and_Unverified_Meta_Rows; historical provisional CSV
legacy_27,SF36_Vitality,Qual Life Res 2023 Chinese,MD -7,unverified_no_exact_title_pmid_doi,,,,,,quarantine_from_primary_meta,"No exact article title, PMID/PubMed link, DOI link and source table have been verified for this legacy row.",Quarantine; do not assign a guessed PMID or DOI. Conduct a fresh search or remove from the primary input.,36_Verified_Bibliography_and_Unverified_Meta_Rows; historical provisional CSV
legacy_28,SF36_Vitality,J Korean Med Sci 2024,MD -7,unverified_no_exact_title_pmid_doi,,,,,,quarantine_from_primary_meta,"No exact article title, PMID/PubMed link, DOI link and source table have been verified for this legacy row.",Quarantine; do not assign a guessed PMID or DOI. Conduct a fresh search or remove from the primary input.,36_Verified_Bibliography_and_Unverified_Meta_Rows; historical provisional CSV
legacy_29,OXPHOS_basal,Zhao 2024,SMD -1.10,unverified_no_exact_title_pmid_doi,,,,,,quarantine_from_primary_meta,"No exact article title, PMID/PubMed link, DOI link and source table have been verified for this legacy row.",Quarantine; do not assign a guessed PMID or DOI. Conduct a fresh search or remove from the primary input.,36_Verified_Bibliography_and_Unverified_Meta_Rows; historical provisional CSV
legacy_30,OXPHOS_basal,Mitochondrion 2023,SMD -1.23,unverified_no_exact_title_pmid_doi,,,,,,quarantine_from_primary_meta,"No exact article title, PMID/PubMed link, DOI link and source table have been verified for this legacy row.",Quarantine; do not assign a guessed PMID or DOI. Conduct a fresh search or remove from the primary input.,36_Verified_Bibliography_and_Unverified_Meta_Rows; historical provisional CSV
legacy_31,OXPHOS_basal,ME/CFS 2024,SMD -1.36,unverified_no_exact_title_pmid_doi,,,,,,quarantine_from_primary_meta,No verified SHS article identity; ME/CFS is also not an SHSQ-25-defined SHS population.,Exclude from the SHS Meta; do not infer SHS evidence from a ME/CFS analogue.,36_Verified_Bibliography_and_Unverified_Meta_Rows; historical provisional CSV
