exact_title,pmid,pubmed_url,doi,doi_url,role,all_anchor_checks_pass,exact_title_present,pmid_present,pubmed_url_present,doi_present,doi_url_present
Development and evaluation of a questionnaire for measuring suboptimal health status in urban Chinese,19749497,https://pubmed.ncbi.nlm.nih.gov/19749497/,10.2188/jea.je20080086,https://doi.org/10.2188/jea.je20080086,measurement_context,PASS,PASS,PASS,PASS,PASS,PASS
Association of Suboptimal Health Status and Cardiovascular Risk Factors in Urban Chinese Workers,22203493,https://pubmed.ncbi.nlm.nih.gov/22203493/,10.1007/s11524-011-9636-8,https://doi.org/10.1007/s11524-011-9636-8,direct_cortisol,PASS,PASS,PASS,PASS,PASS,PASS
"Association of suboptimal health status with psychosocial stress, plasma cortisol and mRNA expression of glucocorticoid receptor α/β in lymphocyte",25518867,https://pubmed.ncbi.nlm.nih.gov/25518867/,10.3109/10253890.2014.999233,https://doi.org/10.3109/10253890.2014.999233,direct_cortisol,PASS,PASS,PASS,PASS,PASS,PASS
"Latent class analysis to evaluate performance of plasma cortisol, plasma catecholamines, and SHSQ-25 for early recognition of suboptimal health status",30174765,https://pubmed.ncbi.nlm.nih.gov/30174765/,10.1007/s13167-018-0144-8,https://doi.org/10.1007/s13167-018-0144-8,direct_diagnostic_bridge,PASS,PASS,PASS,PASS,PASS,PASS
The joint subclinical elevation of CRP and IL-6 is associated with lower health-related quality of life in comparison with no elevation or elevation of only one of the biomarkers,26195318,https://pubmed.ncbi.nlm.nih.gov/26195318/,10.1007/s11136-015-1068-6,https://doi.org/10.1007/s11136-015-1068-6,bridge_hrqol,PASS,PASS,PASS,PASS,PASS,PASS
Low-grade inflammation is negatively associated with physical Health-Related Quality of Life in healthy individuals: Results from The Danish Blood Donor Study (DBDS),30921429,https://pubmed.ncbi.nlm.nih.gov/30921429/,10.1371/journal.pone.0214468,https://doi.org/10.1371/journal.pone.0214468,bridge_hrqol,PASS,PASS,PASS,PASS,PASS,PASS
Association of C-reactive protein and interleukin-6 with new-onset fatigue in the Whitehall II prospective cohort study,23151405,https://pubmed.ncbi.nlm.nih.gov/23151405/,10.1017/S0033291712002437,https://doi.org/10.1017/S0033291712002437,bridge_fatigue,PASS,PASS,PASS,PASS,PASS,PASS
Immunometabolism governs dendritic cell and macrophage function,26694970,https://pubmed.ncbi.nlm.nih.gov/26694970/,10.1084/jem.20151570,https://doi.org/10.1084/jem.20151570,mechanistic_transfer,PASS,PASS,PASS,PASS,PASS,PASS
"The Balance of MFN2 and OPA1 in Mitochondrial Dynamics, Cellular Homeostasis, and Disease",40149969,https://pubmed.ncbi.nlm.nih.gov/40149969/,10.3390/biom15030433,https://doi.org/10.3390/biom15030433,mechanistic_transfer,PASS,PASS,PASS,PASS,PASS,PASS
The Phosphorylation Status of Drp1-Ser637 by PKA in Mitochondrial Fission Modulates Mitophagy via PINK1/Parkin to Exert Multipolar Spindles Assembly during Mitosis,33805672,https://pubmed.ncbi.nlm.nih.gov/33805672/,10.3390/biom11030424,https://doi.org/10.3390/biom11030424,mechanistic_transfer,PASS,PASS,PASS,PASS,PASS,PASS
Mitochondrial DNA Leakage and cGas/STING Pathway in Microglia: Crosstalk Between Neuroinflammation and Neurodegeneration,38685462,https://pubmed.ncbi.nlm.nih.gov/38685462/,10.1016/j.neuroscience.2024.04.009,https://doi.org/10.1016/j.neuroscience.2024.04.009,mechanistic_transfer,PASS,PASS,PASS,PASS,PASS,PASS
Mitochondrial Damage Causes Inflammation via cGAS-STING Signaling in Acute Kidney Injury,31665638,https://pubmed.ncbi.nlm.nih.gov/31665638/,10.1016/j.celrep.2019.09.050,https://doi.org/10.1016/j.celrep.2019.09.050,mechanistic_transfer,PASS,PASS,PASS,PASS,PASS,PASS
Oxidized mitochondrial DNA activates the NLRP3 inflammasome during apoptosis,22342844,https://pubmed.ncbi.nlm.nih.gov/22342844/,10.1016/j.immuni.2012.01.009,https://doi.org/10.1016/j.immuni.2012.01.009,mechanistic_transfer,PASS,PASS,PASS,PASS,PASS,PASS
Integration of suboptimal health status and endothelial dysfunction as a new aspect for risk evaluation of cardiovascular disease,27621756,https://pubmed.ncbi.nlm.nih.gov/27621756/,10.1186/s13167-016-0068-0,https://doi.org/10.1186/s13167-016-0068-0,shs_context,PASS,PASS,PASS,PASS,PASS,PASS
"Glycomic biomarkers are instrumental for suboptimal health status management in the context of predictive, preventive, and personalized medicine",35719133,https://pubmed.ncbi.nlm.nih.gov/35719133/,10.1007/s13167-022-00278-1,https://doi.org/10.1007/s13167-022-00278-1,shs_multiomics,PASS,PASS,PASS,PASS,PASS,PASS
Conceptualised psycho-medical footprint for health status outcomes and the potential impacts for early detection and prevention of chronic diseases in the context of 3P medicine,38094584,https://pubmed.ncbi.nlm.nih.gov/38094584/,10.1007/s13167-023-00344-2,https://doi.org/10.1007/s13167-023-00344-2,shs_network,PASS,PASS,PASS,PASS,PASS,PASS
The caregiving role influences Suboptimal Health Status and psychological symptoms in unpaid carers,39239105,https://pubmed.ncbi.nlm.nih.gov/39239105/,10.1007/s13167-024-00370-8,https://doi.org/10.1007/s13167-024-00370-8,shs_psychosocial_context,PASS,PASS,PASS,PASS,PASS,PASS
